nome,sobrenome,telefone,valorCarrinho
Merv,Saltmarsh,938-320-7872,$574.76
Tabor,Slocom,296-561-1782,$561.65
Dacy,Goldthorpe,687-166-2871,$478.39
Sonya,Gudd,103-720-8697,$655.00
Harmon,Realph,465-789-0790,$228.09
Emanuele,Hubane,512-348-3759,$899.97
Emalee,Benneyworth,674-338-4616,$257.55
Rose,Mohammad,915-436-0935,$494.91
Ryun,Ballinger,930-268-6631,$962.63
Jeannine,Bruford,471-782-1640,$290.12
Rolfe,Trenfield,864-658-3363,$39.79
Min,Lovitt,232-221-6526,$32.92
Olvan,Dunning,961-847-8072,$203.81
Pearce,Stemp,183-514-0536,$16.99
Jolynn,Bish,134-302-3410,$31.57
Loydie,Tatershall,718-659-8725,$752.48
Emmy,Costelow,470-996-1533,$934.62
Harwilll,Astle,762-452-2790,$674.53
Titos,Weedall,554-497-2262,$463.63
Kay,Manoelli,780-986-4964,$505.72
Basia,Loveredge,923-101-4630,$128.63
Frasquito,Robertazzi,933-985-8746,$859.15
Kania,Donovin,850-533-1109,$525.78
Shana,Bevir,513-387-3811,$506.03
Belita,Marklin,259-470-0186,$10.49
Barbee,MacVagh,408-860-8303,$415.19
Javier,Sandle,462-525-3180,$825.84
Kit,Axston,431-445-1228,$334.81
Mallorie,Rumsey,716-430-2846,$776.18
Dasie,Snelling,327-917-3614,$514.17
Elwin,Dudley,294-827-1813,$147.77
Shawn,Selborne,313-915-5094,$828.19
Wanids,Blennerhassett,939-692-4919,$641.29
Jania,Pevreal,928-948-6018,$75.33
Eran,Collocott,917-294-6242,$351.65
Lorry,Greeves,827-562-4948,$513.50
Reinwald,Windmill,883-335-9501,$816.77
Wildon,Hazard,813-534-6602,$781.34
Garrot,Retchford,461-269-4618,$585.84
Felicdad,Krysztofowicz,334-376-3503,$339.64
Margaretta,Farrey,664-748-9372,$393.93
Farrell,Baszkiewicz,677-482-6332,$128.27
Ruddy,Wyeth,521-501-3330,$72.86
Emmit,Dewicke,681-844-4002,$56.62
Tedd,Castles,194-341-0083,$882.19
Sibby,Bewley,778-601-3119,$767.14
Onofredo,Sansam,994-118-1427,$865.89
Eunice,Abramovitz,666-507-1705,$196.57
Rudd,Taillant,705-345-0220,$276.03
Maud,Rissen,323-141-4967,$92.76
Ella,Armal,410-115-5201,$955.52
Sheridan,Casari,594-388-9340,$471.01
Michelle,Krolle,923-264-4210,$905.59
Shermie,Lakeland,104-341-6269,$607.23
Judi,Simmance,760-809-8223,$100.22
Feodora,Greeding,982-707-8967,$45.88
Cammy,Riediger,384-525-1811,$40.01
Rafaelita,Ackhurst,105-424-4562,$674.84
Ottilie,Blakeden,325-391-7022,$247.13
Jennine,Bennellick,271-907-6552,$758.65
Janice,Beales,725-571-8590,$179.92
Bill,McBride,252-436-5600,$98.38
Emlyn,Mote,799-735-1110,$825.68
Jarib,Stuckley,482-716-1311,$259.20
Lombard,Speeding,805-141-9089,$415.39
Chaddy,Daubney,503-531-9182,$157.61
Dyane,Chillingsworth,514-609-8989,$290.55
Guillema,Brosini,335-981-5273,$551.65
Niall,Panchin,545-118-9432,$216.18
Rahel,Rucklesse,225-520-8103,$856.78
Ricki,Shafto,155-137-7957,$950.54
Rosemaria,MacVaugh,638-195-5154,$142.38
Garnette,Todarini,552-932-0159,$592.46
Arabela,Phelps,878-498-3877,$320.40
Kristian,Cockerill,970-269-3024,$764.16
Rani,Mervyn,729-130-8845,$194.89
Consolata,Boshere,179-318-7192,$408.81
Darleen,De Beneditti,437-189-5582,$429.90
Reggis,Rizzi,169-445-2798,$409.91
Germana,Viste,244-487-4416,$881.53
Tannie,Eastop,241-234-0678,$417.74
Boigie,Withringten,401-429-1487,$472.25
Jamil,Liverseege,451-365-5803,$565.60
Creighton,Landman,549-316-7692,$318.16
Flori,Lynskey,930-853-0429,$172.26
Esta,Gomez,297-913-4141,$679.11
Gretta,Shillom,954-190-9862,$842.57
Haslett,Bennedsen,903-333-3129,$782.72
Elwood,Stredwick,590-382-1881,$695.79
Gearard,Tick,550-502-5117,$13.18
Brendis,Fernez,904-874-4537,$859.80
Lura,Klimushev,238-161-3416,$864.43
Gae,Hamill,302-834-1393,$816.20
Patience,Goncalo,614-838-6326,$128.30
Roderic,Marl,111-302-0304,$987.37
Wynnie,Lilford,178-600-5322,$995.69
Merwyn,Skones,407-450-1419,$638.48
Betty,Brownhill,560-228-8871,$298.85
Dani,Danielian,582-203-8355,$903.78
Vonni,Sesser,826-540-7100,$889.41